id,en,vi,zh_TW,zh_CN,es,ar,de,fr,hi,id,it,ja,ko,ms,pt,pt_BR,ru,th,tr
STR_DAILY_CHALLENGE_TITLE,"DAILY CHALLENGE","THỬ THÁCH HẰNG NGÀY","每日挑戰","每日挑战","DESAFÍO DIARIO","التحدي اليومي","TÄGLICHE HERAUSFORDERUNG","DÉFI QUOTIDIEN","दैनिक चुनौती","TANTANGAN HARIAN","SFIDA GIORNALIERA","デイリーチャレンジ","일일 챌린지","CABARAN HARIAN","DESAFIO DIÁRIO","DESAFIO DIÁRIO","ЕЖЕДНЕВНЫЙ ВЫЗОВ","ภารกิจประจำวัน","GÜNLÜK MÜCADELE"
STR_SELECT_LEVEL_TITLE,"SELECT LEVEL","CHỌN MÀN CHƠI","選擇關卡","选择关卡","SELECCIONAR NIVEL","اختيار المرحلة","LEVEL AUSWÄHLEN","CHOISIR LE NIVEAU","स्तर चुनें","PILIH LEVEL","SCEGLI LIVELLO","ステージ選択","레벨 선택","PILIH TAHAP","SELECIONAR NÍVEL","SELECIONAR NÍVEL","ВЫБОР УРОВНЯ","เลือกด่าน","BÖLÜM SEÇ"
STR_CHAPTER_1_TITLE,"CHAPTER 1: INTRO BOARD (7×7)","CHƯƠNG 1: BÀN CỜ NHẬP MÔN (7×7)","第一章：入門棋盤 (7×7)","第一章：入门棋盘 (7×7)","CAPÍTULO 1: TABLERO BÁSICO (7×7)","الفصل 1: لوحة المبتدئين (7×7)","KAPITEL 1: EINFÜHRUNGSBRETT (7×7)","CHAPITRE 1 : PLATEAU D'INITIATION (7×7)","अध्याय 1: परिचयात्मक बोर्ड (7×7)","BAB 1: PAPAN PEMULA (7×7)","CAPITOLO 1: TABELLONE BASE (7×7)","第1章：入門ボード (7×7)","제1장: 입문 보드 (7×7)","BAB 1: PAPAN PERMULAAN (7×7)","CAPÍTULO 1: TABULEIRO INICIAL (7×7)","CAPÍTULO 1: TABULEIRO INICIAL (7×7)","ГЛАВА 1: ВВОДНАЯ ДОСКА (7×7)","บทที่ 1: กระดานเริ่มต้น (7×7)","BÖLÜM 1: BAŞLANGIÇ TAHTASI (7×7)"
STR_CHANGE_CHAPTER,"CHANGE CHAPTER ›","ĐỔI CHƯƠNG ›","更換章節 ›","更换章节 ›","CAMBIAR CAPÍTULO ›","تغيير الفصل ›","KAPITEL WECHSELN ›","CHANGER DE CHAPITRE ›","अध्याय बदलें ›","GANTI BAB ›","CAMBIA CAPITOLO ›","チャプター変更 ›","챕터 변경 ›","TUKAR BAB ›","MUDAR CAPÍTULO ›","MUDAR CAPÍTULO ›","СМЕНИТЬ ГЛАВУ ›","เปลี่ยนบท ›","BÖLÜM DEĞİŞTİR ›"
STR_LEVEL_PREFIX,"LEVEL","MÀN","關卡","关卡","NIVEL","المرحلة","LEVEL","NIVEAU","स्तर","LEVEL","LIVELLO","ステージ","레벨","TAHAP","NÍVEL","NÍVEL","УРОВЕНЬ","ด่าน","BÖLÜM"
STR_BTN_CONTINUE_LEVEL,"CONTINUE LEVEL {0}","TIẾP TỤC MÀN {0}","繼續第 {0} 關","继续第 {0} 关","CONTINUAR NIVEL {0}","متابعة المرحلة {0}","LEVEL {0} FORTSETZEN","CONTINUER NIVEAU {0}","स्तर {0} जारी रखें","LANJUT LEVEL {0}","CONTINUA LIVELLO {0}","ステージ {0} を再開","레벨 {0} 계속하기","TERUSKAN TAHAP {0}","CONTINUAR NÍVEL {0}","CONTINUAR NÍVEL {0}","ПРОДОЛЖИТЬ УРОВЕНЬ {0}","เล่นต่อด่าน {0}","BÖLÜM {0}'E DEVAM ET"
STR_GENRE_SUBTITLE,"LOGIC & PUZZLE","LOGIC & PUZZLE","邏輯 & 解謎","逻辑 & 解谜","LÓGICA Y PUZZLE","منطق وألغاز","LOGIK & PUZZLE","LOGIQUE & CASSE-TÊTE","तर्क और पहेली","LOGIKA & TEKA-TEKI","LOGICA & PUZZLE","ロジック＆パズル","논리 & 퍼즐","LOGIK & TEKA-TEKI","LÓGICA & PUZZLE","LÓGICA E PUZZLE","ЛОГИКА И ГОЛОВОЛОМКИ","ตรรกะและปริศนา","MANTIK & BULMACA"
STR_GAME_TAGLINE,"Notebook Logic Maze","Mê Cung Suy Luận • Vở Ô Ly","筆記本推理迷宮","笔记本推理迷宫","Laberinto de Lógica Cuadriculada","متاهة المنطق في الدفتر","Logik-Labyrinth im Notizheft","Labyrinthe Logique sur Cahier","नोटबुक तर्क भूलभुलैया","Labirin Logika Buku Tulis","Labirinto Logico su Quaderno","方眼ノートの論理迷路","공책 추리 미로","Labirin Logik Buku Nota","Labirinto Lógico de Caderno","Labirinto Lógico de Caderno","Логический лабиринт в тетради","เขาวงกตตรรกะสมุดกริด","Kareli Defter Mantık Labirenti"
STR_TAG_MAIN_MODE,"MAIN MODE","CHẾ ĐỘ CHÍNH","主模式","主模式","MODO PRINCIPAL","الوضع الرئيسي","HAUPTMODUS","MODE PRINCIPAL","मुख्य मोड","MODE UTAMA","MODALITÀ PRINCIPALE","メインモード","메인 모드","MOD UTAMA","MODO PRINCIPAL","MODO PRINCIPAL","ГЛАВНЫЙ РЕЖИМ","โหมดหลัก","ANA MOD"
STR_MODE_PLAY_TITLE,"PLAY • LEVELS","PLAY • CHỌN MÀN","遊玩 • 關卡","游玩 • 关卡","JUGAR • NIVELES","لعب • المراحل","SPIELEN • LEVEL","JOUER • NIVEAUX","खेलें • स्तर","MAIN • LEVEL","GIOCA • LIVELLI","プレイ • ステージ","플레이 • 레벨","MAIN • TAHAP","JOGAR • NÍVEIS","JOGAR • FASES","ИГРА • УРОВНИ","เล่น • เลือกด่าน","OYNA • BÖLÜMLER"
STR_MODE_PLAY_DESC_1,"Conquer each level","Chinh phục từng cấp độ","征服每個關卡","征服每个关卡","Supera cada nivel","تغلب على كل مرحلة","Meistere jedes Level","Conquérez chaque niveau","प्रत्येक स्तर को जीतें","Taklukkan setiap level","Conquista ogni livello","各ステージを攻略","각 레벨을 정복하세요","Kuasai setiap tahap","Conquista cada nível","Conquiste cada nível","Пройдите каждый уровень","พิชิตแต่ละด่าน","Her bölümü tamamla"
STR_MODE_PLAY_DESC_2,"Choose levels • Beat the clock","Tự do chọn màn • Đua thời gian phá giải","自選關卡 • 限時解謎","自选关卡 • 限时解谜","Elige niveles • Contrarreloj","اختر المراحل • سباق مع الوقت","Freie Wahl • Zeitrennen","Choix libre • Contre-la-montre","स्तर चुनें • समय से मुकाबला","Bebas pilih level • Balap waktu","Scegli livello • Sfida a tempo","自由選択 • タイムアタック","자유 선택 • 타임어택","Pilih tahap • Lawan masa","Escolha livre • Contra o relógio","Escolha livre • Corrida contra o tempo","Выбор уровней • Гонка со временем","เลือกด่านอิสระ • แข่งกับเวลา","Serbest seçim • Zamana karşı yarış"
STR_CURRENT_LEVEL_BADGE,"CURRENT: {0}","MÀN HIỆN TẠI: {0}","當前關卡：{0}","当前关卡：{0}","ACTUAL: {0}","الحالي: {0}","AKTUELL: {0}","ACTUEL : {0}","वर्तमान स्तर: {0}","LEVEL SAAT INI: {0}","ATTUALE: {0}","現在：{0}","현재 레벨: {0}","TAHAP SEMASA: {0}","ATUAL: {0}","FASE ATUAL: {0}","ТЕКУЩИЙ: {0}","ด่านปัจจุบัน: {0}","MEVCUT: {0}"
STR_TAG_ENDLESS_MODE,"ENDLESS MODE","CHẾ ĐỘ VÔ TẬN","無盡模式","无尽模式","MODO INFINITO","الوضع اللانهائي","ENDLOS-MODUS","MODE INFINI","अंतहीन मोड","MODE ENDLESS","MODALITÀ INFINITA","エンドレスモード","무한 모드","MOD TANPA HENTI","MODO INFINITO","MODO INFINITO","БЕСКОНЕЧНЫЙ РЕЖИМ","โหมดไม่มีที่สิ้นสุด","SONSUZ MOD"
STR_MODE_DUNGEON_TITLE,"DUNGEON MODE","DUNGEON MODE","地牢模式","地牢模式","MODO MAZMORRA","وضع الزنزانة","DUNGEON-MODUS","MODE DONJON","कालकोठरी मोड","DUNGEON MODE","MODALITÀ DUNGEON","ダンジョンモード","던전 모드","MOD DUNGEON","MODO DUNGEON","MODO MASMORRA","РЕЖИМ ПОДЗЕМЕЛЬЯ","โหมดดันเจี้ยน","ZİNDAN MODU"
STR_MODE_DUNGEON_DESC_1,"Descend floor by floor","Chinh phục từng tầng","一層層向下探索","一层层向下探索","Asciende piso por piso","النزول طابقاً بعد طابق","Erkunde Stockwerk für Stockwerk","Descendez étage par étage","मंजिल दर मंजिल उतरें","Jelajahi lantai demi lantai","Scendi piano per piano","階層を深く進もう","층마다 깊이 탐험하세요","Turun tingkat demi tingkat","Desce andar por andar","Desça andar por andar","Спускайтесь этаж за этажом","ตะลุยลงไปทีละชั้น","Kat kat aşağıya in"
STR_MODE_DUNGEON_DESC_2,"Save steps to go deeper","Bảo toàn số bước để đi xa nhất","節省步數以走得更遠","节省步数以走得更远","Ahorra pasos para llegar lejos","حافظ على الخطوات للوصول لأبعد","Schritte sparen für maximale Tiefe","Économisez vos pas pour aller loin","गहराई तक जाने के लिए कदम बचाएं","Hemat langkah untuk pergi jauh","Risparmia passi per andare a fondo","歩数を節約して最深部へ","걸음을 아껴 가장 깊은 곳까지","Jimat langkah untuk pergi jauh","Poupa passos para ir mais fundo","Poupe passos para ir mais fundo","Экономьте шаги, чтобы дойти дальше","รักษาจำนวนก้าวเพื่อไปให้ลึกที่สุด","Daha derine inmek için adımlarını koru"
STR_RECORD_FLOOR_BADGE,"RECORD: FLOOR {0}","KỶ LỤC: TẦNG {0}","最高紀錄：第 {0} 層","最高纪录：第 {0} 层","RÉCORD: PISO {0}","الرقم القياسي: الطابق {0}","REKORD: ETAGE {0}","RECORD : ÉTAGE {0}","रिकॉर्ड: मंजिल {0}","REKOR: LANTAI {0}","RECORD: PIANO {0}","最高記録：{0}階","최고 기록: {0}층","REKOD: TINGKAT {0}","RECORDE: PISO {0}","RECORDE: ANDAR {0}","РЕКОРД: ЭТАЖ {0}","สถิติสูงสุด: ชั้น {0}","REKOR: KAT {0}"
STR_TAG_DAILY_MODE,"1 PUZZLE PER DAY","MỖI NGÀY 1 CÂU ĐỐ","每日一謎","每日一谜","1 PUZZLE AL DÍA","لغز واحد يومياً","1 RÄTSEL PRO TAG","1 ÉNIGME PAR JOUR","प्रतिदिन 1 पहेली","1 TEKA-TEKI PER HARI","1 ENIGMA AL GIORNO","毎日1問","하루 1문제","1 TEKA-TEKI SEHARI","1 PUZZLE POR DIA","1 ENIGMA POR DIA","1 ЗАГАДКА В ДЕНЬ","วันละ 1 ปริศนา","HER GÜN 1 BULMACA"
STR_MODE_DAILY_TITLE,"DAILY CHALLENGE","DAILY CHALLENGE","每日挑戰","每日挑战","DESAFÍO DIARIO","التحدي اليومي","TÄGLICHE HERAUSFORDERUNG","DÉFI QUOTIDIEN","दैनिक चुनौती","DAILY CHALLENGE","SFIDA GIORNALIERA","デイリーチャレンジ","일일 챌린지","CABARAN HARIAN","DESAFIO DIÁRIO","DESAFIO DIÁRIO","ЕЖЕДНЕВНЫЙ ВЫЗОВ","ภารกิจประจำวัน","GÜNLÜK MÜCADELE"
STR_MODE_DAILY_DESC_1,"Fresh puzzle every day","Thử thách theo ngày","每日全新的謎題","每日全新的谜题","Un reto nuevo cada día","تحدٍ جديد كل يوم","Täglich ein neues Rätsel","Un défi différent chaque jour","हर दिन नई चुनौती","Tantangan baru setiap hari","Una nuova sfida ogni giorno","毎日新しいパズルに挑戦","매일 새로운 퍼즐 도전","Tantangan baharu setiap hari","Novo desafio a cada dia","Desafio novo a cada dia","Новая головоломка каждый день","ท้าทายปริศนาใหม่ทุกวัน","Her gün yeni bir bulmaca"
STR_MODE_DAILY_DESC_2,"Collect stars & keep streak","Tích lũy sao & duy trì chuỗi Streak","累積星星並保持連勝","积累星星并保持连胜","Gana estrellas y mantén la racha","اجمع النجوم وحافظ على السلسلة","Sterne sammeln & Serie halten","Gagnez des étoiles & tenez la série","सितारे जुटाएं और स्ट्रीक बनाए रखें","Kumpulkan bintang & jaga streak","Raccogli stelle e mantieni la serie","星を集めて連続クリア記録を伸ばそう","별을 모으고 연속 기록을 유지하세요","Kumpul bintang & kekalkan streak","Ganha estrelas e mantém a sequência","Acumule estrelas e mantenha o streak","Собирайте звёзды и держите серию","สะสมดาวและรักษาสถิติต่อเนื่อง","Yıldızları topla ve seriyi sürdür"
STR_STREAK_BADGE,"STREAK: {0} DAYS","STREAK: {0} NGÀY","連勝：{0} 天","连胜：{0} 天","RACHA: {0} DÍAS","سلسلة: {0} أيام","SERIE: {0} TAGE","SÉRIE : {0} JOURS","स्ट्रीक: {0} दिन","STREAK: {0} HARI","SERIE: {0} GIORNI","連続：{0}日","연속: {0}일","STREAK: {0} HARI","SEQUÊNCIA: {0} DIAS","STREAK: {0} DIAS","СЕРИЯ: {0} ДН.","สถิติต่อเนื่อง: {0} วัน","SERİ: {0} GÜN"
STR_BTN_LEADERBOARD,"LEADERBOARD","XẾP HẠNG","排行榜","排行榜","RANKING","لوحة المتصدرين","RANGLISTE","CLASSEMENT","लीडरबोर्ड","PERINGKAT","CLASSIFICA","ランキング","순위표","KEDUDUKAN","CLASSIFICAÇÃO","RANKING","ТАБЛИЦА ЛИДЕРОВ","อันดับ","LİDER TABLOSU"
STR_BTN_SHOP,"SHOP","CỬA HÀNG","商店","商店","TIENDA","المتجر","LADEN","BOUTIQUE","दुकान","TOKO","NEGOZIO","ショップ","상점","KEDAI","LOJA","LOJA","МАГАЗИН","ร้านค้า","MAĞAZA"
STR_BTN_SETTINGS,"SETTINGS","CÀI ĐẶT","設定","设置","AJUSTES","الإعدادات","EINSTELLUNGEN","OPTIONS","सेटिंग्स","PENGATURAN","IMPOSTAZIONI","設定","설정","TETAPAN","DEFINIÇÕES","CONFIGURAÇÕES","НАСТРОЙКИ","ตั้งค่า","AYARLAR"
STR_FLOOR_NUM,"FLOOR {0}","TẦNG {0}","第 {0} 層","第 {0} 层","PISO {0}","الطابق {0}","ETAGE {0}","ÉTAGE {0}","मंजिल {0}","LANTAI {0}","PIANO {0}","{0}階","{0}층","TINGKAT {0}","PISO {0}","ANDAR {0}","ЭТАЖ {0}","ชั้น {0}","KAT {0}"
STR_HUD_STEPS_LEFT,"STEPS LEFT","BƯỚC CÒN","剩餘步數","剩余步数","PASOS","الخطوات المتبقية","SCHRITTE","PAS RESTANTS","शेष कदम","SISA LANGKAH","PASSI RIMASTI","残り歩数","남은 걸음","LANGKAH TINGGAL","PASSOS RESTANTES","PASSOS RESTANTES","ОСТАЛОСЬ ШАГОВ","ก้าวที่เหลือ","KALAN ADIM"
STR_HUD_TIME,"TIME","THỜI GIAN","時間","时间","TIEMPO","الوقت","ZEIT","TEMPS","समय","WAKTU","TEMPO","タイム","시간","MASA","TEMPO","TEMPO","ВРЕМЯ","เวลา","SÜRE"
STR_TOOL_DRAW_PATH,"DRAW PATH","VẼ ĐƯỜNG","繪製路線","绘制路线","TRAZAR","رسم المسار","PFAD ZIEHEN","TRACER","रास्ता बनाएं","GAMBAR JALUR","TRACCIA","ルート描画","경로 그리기","LUKIS LALUAN","DESENHAR","TRAÇAR","ПУТЬ","วาดเส้นทาง","YOL ÇİZ"
STR_TOOL_DRAW_PATH_DESC,"Drag from cell","Kéo từ tâm ô","從格點拖曳","从格点拖曳","Arrastra de casilla","اسحب من الخلية","Aus Feld ziehen","Glisser depuis la case","सेल से खींचें","Tarik dari kotak","Trascina da cella","マスからドラッグ","타일에서 드래그","Seret dari petak","Arrasta da casa","Arraste da casa","Тяните из клетки","ลากจากกึ่งกลางช่อง","Hücreden sürükle"
STR_TOOL_MARK_WALL,"MARK WALL","GHI NHỚ","標記牆壁","标记墙壁","MARCAR MURO","تحديد جدار","WAND MARKIEREN","MARQUER MUR","दीवार चिह्नित करें","TANDAI TEMBOK","SEGNALIBRO","壁メモ","벽 표시","TANDA DINDING","MARCAR PAREDE","MARCAR PAREDE","СТЕНА","มาร์กกำแพง","DUVAR İŞARETLE"
STR_TOOL_MARK_WALL_DESC,"Connect 2 Anchors","Nối 2 Anchor","連接 2 個錨點","连接 2 个锚点","Une 2 anclas","صل بين نقطتين","2 Anker verbinden","Relier 2 points","2 एंकर जोड़ें","Hubungkan 2 titik","Collega 2 punti","アンカー同士を結ぶ","앵커 2개 잇기","Sambung 2 pin","Ligar 2 âncoras","Conecte 2 âncoras","Соединить 2 точки","ลากเชื่อม 2 จุดยึด","2 Çapayı Birleştir"
STR_TOOL_UNDO,"UNDO","HOÀN TÁC","復原","撤销","DESHACER","تراجع","ZURÜCK","ANNULER","पूर्ववत","BATAL","ANNULLA","元に戻す","실행 취소","BUAT SEMULA","DESFAZER","DESFAZER","ОТМЕНА","เลิกทำ","GERİ AL"
STR_TOOL_HINT,"HINT","GỢI Ý","提示","提示","PISTA","تلميح","HINWEIS","INDICE","संकेत","PETUNJUK","SUGGERIMENTO","ヒント","힌트","PETUNJUK","PISTA","DICA","ПОДСКАЗКА","คำใบ้","İPUCU"
STR_GAME_OVER_TITLE,"PATH BROKEN!","ĐỨT ĐOẠN ĐƯỜNG ĐI!","路線中斷！","路线中断！","¡RUTA CORTADA!","المسار مقطوع!","WEG BLOCKIERT!","CHEMIN ROMPU !","रास्ता टूट गया!","JALUR TERPUTUS!","PERCORSO INTERROTTO!","ルート寸断！","경로가 끊어졌습니다!","LALUAN TERPUTUS!","CAMINHO INTERROMPIDO!","CAMINHO INTERROMPIDO!","ПУТЬ ПРЕРВАН!","เส้นทางขาดตอน!","YOL KESİLDİ!"
STR_GAME_OVER_SUBTITLE,"Unable to reach point F safely","Không thể tới được điểm F an toàn","無法安全抵達終點 F","无法安全抵达终点 F","No se pudo llegar al punto F","تعذر الوصول للنقطة F بأمان","Zielpunkt F nicht sicher erreichbar","Impossible d'atteindre F en sécurité","सुरक्षित रूप से बिंदु F तक नहीं पहुंच सके","Gagal mencapai titik F dengan aman","Impossibile raggiungere F al sicuro","ゴール地点Fに到達できませんでした","F 지점에 안전하게 도달하지 못했습니다","Gagal sampai ke titik F dengan selamat","Não foi possível chegar ao ponto F","Não foi possível chegar ao ponto F","Не удалось безопасно дойти до точки F","ไม่สามารถไปถึงจุด F ได้อย่างปลอดภัย","F noktasına güvenle ulaşılamadı"
STR_STAT_DISTANCE_TRAVELED,"Distance Traveled:","Quãng đường đã đi:","已走過距離：","已走过距离：","Distancia recorrida:","المسافة المقطوعة:","Zurückgelegter Weg:","Distance parcourue :","तय की गई दूरी:","Jarak Ditempuh:","Distanza percorsa:","探索した道のり：","이동한 거리:","Jarak Dilalui:","Distância percorrida:","Distância percorrida:","Пройденный путь:","ระยะทางที่เดินได้:","Kat Edilen Mesafe:"
STR_STAT_WALL_COLLISIONS,"Hidden Wall Hits:","Va chạm tường vô hình:","撞擊隱形牆次數：","撞击隐形墙次数：","Choques con muros:","الاصطدام بالجدران:","Wand-Kollisionen:","Murs invisibles heurtés :","अदृश्य दीवार से टकराव:","Tabrakan Tembok Gaib:","Muri invisibili urtati:","見えない壁との衝突：","투명 벽 충돌:","Perlanggaran Dinding Halimunan:","Colisão com paredes:","Batidas em paredes invisíveis:","Столкновения со стенами:","ชนกำแพงล่องหน:","Gizli Duvara Çarpma:"
STR_STAT_CONSOLATION_SCORE,"Consolation Score:","Điểm an ủi tích lũy:","累積安慰積分：","积累安慰积分：","Puntos de consuelo:","نقاط ترضية:","Trostpunkte:","Points de consolation :","सांत्वना अंक:","Poin Hiburan:","Punti di consolazione:","獲得慰労ポイント：","위로 점수:","Mata Sagu Hati:","Pontos de consolação:","Pontos de consolação:","Утешительные очки:","คะแนนปลอบใจสะสม:","Teselli Puanı:"
STR_BTN_REVIVE,"REVIVE","HỒI SINH","復活","复活","REVIVIR","إنعاش","WIEDERBELEBEN","RÉANIMER","पुनर्जीवित","REVIVE","RESUSCITA","復活","부활","BANGKIT","REVIVER","REVIVER","ВОЗРОДИТЬСЯ","ฟื้นคืนชีพ","CANLAN"
STR_BTN_BACK_TO_MENU,"MENU","VỀ MENU","返回選單","返回菜单","MENÚ","القائمة","MENÜ","MENU","मेनू","MENU","MENU","メニュー","메뉴","MENU","MENU","MENU","В МЕНЮ","กลับเมนู","MENÜ"
STR_BTN_RETRY_PAGE,"RETRY PAGE ⟲","THỬ LẠI TRANG NÀY ⟲","重試此頁 ⟲","重试此页 ⟲","REINTENTAR ⟲","إعادة المحاولة ⟲","NOCHMAL ⟲","RÉESSAYER ⟲","पुनः प्रयास करें ⟲","COBA LAGI ⟲","RIPROVA ⟲","やり直す ⟲","다시 도전 ⟲","CUBA LAGI ⟲","TENTAR DE NOVO ⟲","TENTAR NOVAMENTE ⟲","ПОВТОРИТЬ ⟲","ลองใหม่อีกครั้ง ⟲","YENİDEN DENE ⟲"
STR_GAME_OVER_TIP,"""Use the Mark tool to flag risky edges as potential walls!""","""Hãy dùng công cụ Ghi Nhớ để cắm cờ các cạnh có nguy cơ là tường!""","「使用標記工具把危險的邊緣標記成牆壁！」","“使用标记工具把危险的边缘标记成墙壁！”","""¡Usa la herramienta Marcar para señalar posibles muros!""","""استخدم أداة التحديد لوضع علامات على الحواف المشبوهة!""","""Nutze das Wand-Tool, um riskante Kanten zu markieren!""","« Utilisez l'outil Mur pour baliser les arêtes dangereuses ! »","""संभावित दीवारों को चिह्नित करने के लिए मार्कर का उपयोग करें!""","""Gunakan alat Tandai untuk memberi bendera pada sisi mencurigakan!""","""Usa lo strumento Segna per evidenziare i muri sospetti!""","「メモ機能を使って壁の疑いがある境界線に目印をつけよう！」","""메모 도구를 사용해 벽이 의심되는 모서리를 표시하세요!""","""Gunakan alat Tanda untuk menandakan sempadan berisiko!""","""Usa a ferramenta Marcar para assinalar possíveis paredes!""","""Use a ferramenta Marcar para sinalizar possíveis paredes!""","«Используйте отметку стен, чтобы пометить опасные грани!»","""ใช้เครื่องมือมาร์กเพื่อปักธงด้านที่มีความเสี่ยงจะเป็นกำแพง!""","""Duvar İşaretleme aracını kullanarak şüpheli kenarları bayrakla!"""
STR_PAUSE_TITLE,"GAME PAUSED","TẠM DỪNG VÁN CHƠI","遊戲暫停","游戏暂停","JUEGO EN PAUSA","اللعبة متوقفة","SPIEL PAUSIERT","JEU EN PAUSE","खेल रुका हुआ है","GAME DIJEDA","GIOCO IN PAUSA","ポーズ中","게임 일시정지","PERMAINAN DIJEDA","JOGO EM PAUSA","JOGO PAUSADO","ИГРА ПРИОСТАНОВЛЕНА","พักเกมชั่วคราว","OYUN DURAKLATILDI"
STR_PAUSE_SUBTITLE,"Sound & Gameplay Settings","Cài đặt âm thanh & trải nghiệm","音效與遊戲體驗設定","音效与游戏体验设置","Ajustes de Sonido y Juego","إعدادات الصوت واللعب","Audio- & Spieleinstellungen","Réglages Son & Gameplay","ध्वनि और अनुभव सेटिंग्स","Pengaturan Audio & Gameplay","Impostazioni Audio & Gioco","サウンド・操作設定","오디오 및 플레이 설정","Tetapan Audio & Pengalaman","Definições de Som e Jogo","Configurações de Áudio e Jogo","Настройки звука и игрового процесса","ตั้งค่าเสียงและการเล่น","Ses ve Oynanış Ayarları"
STR_SETTINGS_AUDIO_SECTION,"AUDIO","ÂM THANH","音效","音效","SONIDO","الصوت","AUDIO","AUDIO","ध्वनि","AUDIO","AUDIO","オーディオ","오디오","AUDIO","ÁUDIO","ÁUDIO","АУДИО","ระบบเสียง","SES"
STR_SETTINGS_BGM,"Music (BGM)","Nhạc nền (BGM)","背景音樂 (BGM)","背景音乐 (BGM)","Música (BGM)","الموسيقى (BGM)","Musik (BGM)","Musique (BGM)","पृष्ठभूमि संगीत (BGM)","Musik Latar (BGM)","Musica (BGM)","BGM (音楽)","배경음악 (BGM)","Muzik Latar (BGM)","Música (BGM)","Música (BGM)","Музыка (BGM)","ดนตรีประกอบ (BGM)","Müzik (BGM)"
STR_SETTINGS_SFX,"Sound FX (SFX)","Hiệu ứng (SFX)","音效 (SFX)","音效 (SFX)","Efectos (SFX)","المؤثرات (SFX)","Effekte (SFX)","Effets (SFX)","ध्वनि प्रभाव (SFX)","Efek Suara (SFX)","Effetti sonori (SFX)","効果音 (SFX)","효과음 (SFX)","Kesan Bunyi (SFX)","Efeitos sonoros (SFX)","Efeitos sonoros (SFX)","Звуковые эффекты (SFX)","เสียงเอฟเฟกต์ (SFX)","Ses Efektleri (SFX)"
STR_SETTINGS_BOARD_SECTION,"BOARD PREFERENCES","TÙY CHỌN BÀN CỜ","棋盤設定","棋盘设置","OPCIONES DE TABLERO","خيارات اللوحة","BRETT-OPTIONEN","OPTIONS DU PLATEAU","बोर्ड प्राथमिकताएं","PREFERENSI PAPAN","OPZIONI TABELLONE","ボード設定","보드 환경설정","PILIHAN PAPAN","OPÇÕES DO TABULEIRO","PREFERÊNCIAS DO TABULEIRO","НАСТРОЙКИ ДОСКИ","การตั้งค่ากระดาน","TAHTA TERCİHLERİ"
STR_SETTINGS_HAPTIC,"Wall collision vibration (Haptic)","Rung khi đâm tường (Haptic feedback)","撞牆時震動提示 (觸覺反饋)","撞墙时震动提示 (触觉反馈)","Vibrar al chocar (Háptico)","الاهتزاز عند الاصطدام بالحرار","Vibration bei Kollision (Haptik)","Vibration en cas de choc","दीवार से टकराने पर कंपन (हैप्टिक)","Getar saat tabrak tembok (Haptic)","Vibrazione all'impatto (Haptic)","壁衝突時の振動フィードバック","벽 충돌 시 진동 (햅틱 반응)","Getaran apabila langgar dinding (Haptik)","Vibração ao bater na parede","Vibrar ao bater na parede (Háptico)","Вибрация при столкновении","สั่นเมื่อชนกำแพง (Haptic)","Duvara çarpınca titreşim (Dokunsal)"
STR_SETTINGS_AUTO_MARK_SAFE,"Auto-mark safe borders","Tự động đánh dấu cạnh an toàn","自動標記安全邊界","自动标记安全边界","Marcar bordes seguros automáticamente","تحديد الحدود الآمنة تلقائياً","Sichere Kanten automatisch markieren","Marquer automatiquement les bords sûrs","सुरक्षित किनारों को स्वतः चिह्नित करें","Tandai batas aman otomatis","Evidenzia bordi sicuri in automatico","安全な境界線を自動マーキング","안전한 테두리 자동 표시","Tanda sempadan selamat secara automatik","Marcar limites seguros automaticamente","Marcar bordas seguras automaticamente","Автоотметка безопасных граней","ทำเครื่องหมายขอบที่ปลอดภัยอัตโนมัติ","Güvenli kenarları otomatik işaretle"
STR_SETTINGS_PROGRESS_LABEL,"CURRENT PROGRESS","TIẾN ĐỘ HIỆN TẠI","當前進度","当前进度","PROGRESO ACTUAL","التقدم الحالي","AKTUELLER FORTSCHRITT","PROGRESSION ACTUELLE","वर्तमान प्रगति","PROGRES SAAT INI","PROGRESSO ATTUALE","現在の進捗","현재 진행 상황","KEMAJUAN SEMASA","PROGRESSO ATUAL","PROGRESSO ATUAL","ТЕКУЩИЙ ПРОГРЕСС","ความคืบหน้าปัจจุบัน","MEVCUT İLERLEME"
STR_SETTINGS_STEPS_LEFT_LABEL,"STEPS REMAINING","BƯỚC CÒN LẠI","剩餘步數","剩余步数","PASOS RESTANTES","الخطوات المتبقية","VERBLEIBENDE SCHRITTE","PAS RESTANTS","शेष कदम","SISA LANGKAH","PASSI RIMASTI","残り歩数","남은 걸음 수","LANGKAH TINGGAL","PASSOS RESTANTES","PASSOS RESTANTES","ОСТАТОК ШАГОВ","จำนวนก้าวที่เหลือ","KALAN ADIMLAR"
STR_BTN_RESUME,"RESUME","TIẾP TỤC CHƠI","繼續遊戲","继续游戏","CONTINUAR","استئناف","WEITERSPIELEN","REPRENDRE","जारी रखें","LANJUTKAN","RIPRENDI","再開する","계속하기","TERUSKAN","RETOMAR","CONTINUAR","ПРОДОЛЖИТЬ","เล่นต่อ","DEVAM ET"
STR_BTN_RESTART,"RESTART","CHƠI LẠI","重新開始","重新开始","REINICIAR","إعادة البدء","NEUSTART","RECOMMENCER","पुनः आरंभ करें","ULANGI","RICOMINCIA","最初から","다시 시작","MULA SEMULA","REINICIAR","REINICIAR","ЗАНОВО","เริ่มใหม่","YENİDEN BAŞLAT"
STR_PAUSE_FOOTER_QUOTE,"~ Game is paused • Good luck solving the maze ~","~ Trò chơi đang được tạm dừng • Chúc bạn giải mã thành công ~","~ 遊戲暫停中 • 祝你順利解開迷宮 ~","~ 游戏暂停中 • 祝你顺利解开迷宫 ~","~ Juego pausado • ¡Buena suerte resolviendo el laberinto! ~","~ اللعبة متوقفة • حظاً موفقاً في حل اللغز ~","~ Spiel pausiert • Viel Erfolg beim Enträtseln ~","~ Jeu en pause • Bonne chance pour résoudre le labyrinthe ~","~ खेल रुका है • भूलभुलैया सुलझाने के लिए शुभकामनाएं ~","~ Permainan dijeda • Semoga berhasil memecahkan labirin ~","~ Gioco in pausa • Buona fortuna con il labirinto ~","~ ポーズ中 • 迷宮の謎解きを成功させよう ~","~ 게임이 일시정지되었습니다 • 미로를 성공적으로 해결하세요 ~","~ Permainan dijeda • Semoga berjaya selesaikan labirin ~","~ Jogo em pausa • Boa sorte a decifrar o labirinto ~","~ Jogo pausado • Boa sorte desvendando o labirinto ~","~ Игра на паузе • Удачи в разгадке лабиринта ~","~ เกมหยุดชั่วคราว • ขอให้ถอดรหัสเขาวงกตสำเร็จ ~","~ Oyun duraklatıldı • Labirenti çözmede başarılar ~"
STR_STAMP_PASSED,"CLEARED","ĐÃ QUA","通關","通关","SUPERADO","تم العبور","BESTANDEN","RÉUSSI","उत्तीर्ण","LULUS","SUPERATO","クリア","통과","LULUS","PASSOU","CONCLUÍDO","ПРОЙДЕНО","ผ่านแล้ว","GEÇİLDİ"
STR_NEXT_FLOOR_TITLE,"FLOOR CLEARANCE PASS","PHIẾU THÔNG QUA TẦNG","樓層通關證明","楼层通关证明","PASE DE PISO SUPERADO","بطاقة تجاوز الطابق","ETAGEN-DURCHGANGSSCHEIN","BILLET D'ACCÈS À L'ÉTAGE","मंजिल उत्तीर्ण पर्ची","SURAT LOLOS LANTAI","ATTESTATO DI LIVELLO SUPERATO","階層踏破チケット","층간 통과 티켓","SLIP PELEPASAN TINGKAT","CERTIFICADO DE PISO","PASSE DE ANDAR","ПРОПУСК НА СЛЕДУЮЩИЙ ЭТАЖ","ใบผ่านด่านประจำชั้น","KAT GEÇİŞ BİLETİ"
STR_NEXT_FLOOR_SUBTITLE,"Dungeon Mode • Endless Descent","Dungeon Mode • Chế độ Vô Tận","地牢模式 • 無盡探索","地牢模式 • 无尽探索","Modo Mazmorra • Descenso Infinito","وضع الزنزانة • هبوط لا نهائي","Dungeon-Modus • Endloser Abstieg","Mode Donjon • Descente Infinie","कालकोठरी मोड • अंतहीन अवतरण","Dungeon Mode • Penurunan Tak Terbatas","Modalità Dungeon • Discesa Infinita","ダンジョンモード • 終わりなき探求","던전 모드 • 끝없는 심연","Mod Dungeon • Penurunan Infiniti","Modo Dungeon • Descida Infinita","Modo Masmorra • Descida Infinita","Режим подземелья • Бесконечный спуск","โหมดดันเจี้ยน • ดำดิ่งไร้ที่สิ้นสุด","Zindan Modu • Sonsuz İniş"
STR_STAT_BASE_SCORE,"Base Floor Score:","Điểm chuẩn tầng (Base):","樓層基礎分：","楼层基础分：","Puntuación base:","نقاط الطابق الأساسية:","Etagen-Basispunkte:","Score de base :","मूल मंजिल अंक:","Skor Dasar Lantai:","Punteggio base:","フロア基本スコア：","기본 층 점수:","Mata Asas Tingkat:","Pontos base do piso:","Pontuação base do andar:","Базовые очки этажа:","คะแนนพื้นฐานประจำชั้น:","Kat Taban Puanı:"
STR_STAT_MOVE_BONUS,"Move Bonus:","Thưởng bước dư (Move Bonus):","剩餘步數獎勵：","剩余步数奖励：","Bonificación por pasos:","مكافأة الخطوات:","Schritte-Bonus:","Bonus de pas :","कदम बोनस:","Bonus Sisa Langkah:","Bonus passi:","残り歩数ボーナス：","걸음 보너스:","Bonus Langkah:","Bónus de passos:","Bônus de passos:","Бонус за шаги:","โบนัสก้าวที่เหลือ:","Adım Bonusu:"
STR_STAT_PERFECT_FLOOR_BONUS,"Perfect Floor Bonus:","Thưởng Perfect Floor:","完美通關獎勵：","完美通关奖励：","Bonificación piso perfecto:","مكافأة الطابق المثالي:","Perfekt-Bonus:","Bonus Étage Parfait :","उत्कृष्ट मंजिल बोनस:","Bonus Lantai Sempurna:","Bonus piano perfetto:","パーフェクト達成ボーナス：","퍼펙트 클리어 보너스:","Bonus Tingkat Sempurna:","Bónus de piso perfeito:","Bônus de andar perfeito:","Бонус за идеальный этаж:","โบนัสพิชิตชั้นสมบูรณ์แบบ:","Kusursuz Kat Bonusu:"
STR_STAT_TOTAL_DUNGEON_SCORE,"TOTAL DUNGEON SCORE:","TỔNG TÍCH LŨY DUNGEON:","地牢總計積分：","地牢总计积分：","TOTAL MAZMORRA:","إجمالي نقاط الزنزانة:","GESAMTPUNKTE DUNGEON:","TOTAL DU DONJON :","कुल कालकोठरी स्कोर:","TOTAL AKUMULASI DUNGEON:","TOTALE DUNGEON:","ダンジョン累計スコア：","던전 누적 총점:","JUMLAH KESELURUHAN DUNGEON:","TOTAL DUNGEON ACUMULADO:","TOTAL ACUMULADO NA MASMORRA:","ВСЕГО ОЧКОВ В ПОДЗЕМЕЛЬЕ:","คะแนนรวมดันเจี้ยนสะสม:","TOPLAM ZİNDAN PUANI:"
STR_FLOOR_WARNING_TITLE,"FLOOR {0} WARNING:","CẢNH BÁO TẦNG {0}:","第 {0} 層警告：","第 {0} 层警告：","AVISO PISO {0}:","تحذير الطابق {0}:","WARNUNG ETAGE {0}:","ATTENTION ÉTAGE {0} :","मंजिल {0} चेतावनी:","PERINGATAN LANTAI {0}:","AVVISO PIANO {0}:","{0}階の警告：","{0}층 경고:","AMARAN TINGKAT {0}:","AVISO PISO {0}:","ALERTA DO ANDAR {0}:","ВНИМАНИЕ, ЭТАЖ {0}:","คำเตือนประจำชั้น {0}:","KAT {0} UYARISI:"
STR_FLOOR_WARNING_DESC,"Hidden walls up to 70% • 5×5 Grid stays","Tường vô hình tăng lên 70% • Lưới giữ nguyên 5×5","隱形牆壁提升至 70% • 維持 5×5 棋盤","隐形墙壁提升至 70% • 维持 5×5 棋盘","Muros invisibles al 70% • Rejilla 5×5","الجدران المخفية ترتفع إلى 70% • اللوحة 5×5","Unsichtbare Wände auf 70% • 5×5 Raster","Murs invisibles à 70 % • Grille 5×5","अदृश्य दीवारें 70% तक बढ़ीं • ग्रिड 5×5","Tembok gaib naik ke 70% • Grid 5×5 tetap","Muri invisibili al 70% • Griglia 5×5","不可視の壁が70%に増加 • 5×5グリッド維持","투명 벽 70%로 증가 • 5×5 격자 유지","Dinding halimunan naik 70% • Grid 5×5 kekal","Paredes invisíveis sobem para 70% • Grelha 5×5","Paredes invisíveis aumentam para 70% • Grade 5×5 mantida","Невидимых стен до 70% • Сетка 5×5","กำแพงล่องหนเพิ่มเป็น 70% • ตารางขนาด 5×5 คงเดิม","Gizli duvarlar %70'e çıktı • 5×5 ızgara sabit"
STR_BTN_TAKE_REST,"TAKE A REST","TẠM NGHỈ","休息片刻","休息片刻","DESCANSAR","استراحة","PAUSIEREN","FAIRE UNE PAUSE","विश्राम लें","ISTIRAHAT","PAUSA","休憩する","휴식하기","BEREHAT","DESCANSAR","DESCANSAR","ОТДОХНУТЬ","พักผ่อนก่อน","MOLA VER"
STR_BTN_ENTER_NEXT_FLOOR,"ENTER FLOOR {0} ›","TIẾN VÀO TẦNG {0} ›","進入第 {0} 層 ›","进入第 {0} 层 ›","ENTRAR AL PISO {0} ›","الدخول للطابق {0} ›","BETRETE ETAGE {0} ›","ACCÉDER À L'ÉTAGE {0} ›","मंजिल {0} में प्रवेश करें ›","MASUK KE LANTAI {0} ›","ENTRA NEL PIANO {0} ›","第 {0} 階へ進む ›","{0}층으로 진입 ›","MASUK TINGKAT {0} ›","ENTRAR NO PISO {0} ›","ENTRAR NO ANDAR {0} ›","НА ЭТАЖ {0} ›","มุ่งสู่ชั้น {0} ›","KAT {0}'E GİR ›"
STR_NEXT_FLOOR_FOOTER_QUOTE,"~ The deeper you delve, the quieter the walls ~","~ Càng xuống sâu, tường càng ẩn mình ~","~ 越往深處，牆壁藏得越隱密 ~","~ 越往深处，墙壁藏得越隐密 ~","~ Cuanto más profundo, más se ocultan los muros ~","~ كلما تعمقت، زاد اختفاء الجدران ~","~ Je tiefer du gehst, desto unscheinbarer die Wände ~","~ Plus vous descendez, plus les murs se cachent ~","~ जितना गहरा आप जाएंगे, दीवारें उतनी ही छिपेंगी ~","~ Semakin dalam turun, semakin tersembunyi temboknya ~","~ Più scendi a fondo, più i muri si nascondono ~","~ 深く潜るほど、壁はその姿を潜める ~","~ 더 깊이 내려갈수록, 벽은 더욱 숨어듭니다 ~","~ Semakin dalam melangkah, semakin dinding bersembunyi ~","~ Quanto mais fundo, mais as paredes se escondem ~","~ Quanto mais fundo, mais as paredes se escondem ~","~ Чем глубже спуск, тем незаметнее стены ~","~ ยิ่งลงไปลึกเท่าไหร่ กำแพงยิ่งซ่อนตัวเนียนขึ้นเท่านั้น ~","~ Derine indikçe duvarlar daha çok gizlenir ~"
STR_WIN_TITLE,"LEVEL COMPLETED","KẾT QUẢ MÀN CHƠI","關卡結算","关卡结算","NIVEL COMPLETADO","نتيجة المرحلة","LEVEL ABGESCHLOSSEN","RÉSULTAT DU NIVEAU","स्तर पूर्ण","HASIL LEVEL","LIVELLO COMPLETATO","クリア結果","스테이지 결과","KEPUTUSAN TAHAP","NÍVEL CONCLUÍDO","RESULTADO DA FASE","УРОВЕНЬ ПРОЙДЕН","ผลลัพธ์ด่าน","BÖLÜM TAMAMLANDI"
STR_WIN_SUBTITLE,"Level {0} • {1} Grid (Classic Maze)","Màn {0} • Bàn cờ {1} (Classic Maze)","第 {0} 關 • {1} 棋盤 (經典迷宮)","第 {0} 关 • {1} 棋盘 (经典迷宫)","Nivel {0} • Cuadrícula {1} (Clásico)","المرحلة {0} • شبكة {1} (متاهة كلاسيكية)","Level {0} • {1} Raster (Klassik)","Niveau {0} • Grille {1} (Classique)","स्तर {0} • {1} ग्रिड (क्लासिक भूलभुलैया)","Level {0} • Papan {1} (Labirin Klasik)","Livello {0} • Griglia {1} (Classico)","ステージ {0} • {1} 盤面 (クラシック迷路)","레벨 {0} • {1} 보드 (클래식 미로)","Tahap {0} • Papan {1} (Labirin Klasik)","Nível {0} • Grelha {1} (Labirinto Clássico)","Fase {0} • Grade {1} (Labirinto Clássico)","Уровень {0} • Сетка {1} (Классический лабиринт)","ด่าน {0} • ตาราง {1} (เขาวงกตคลาสสิก)","Bölüm {0} • {1} Izgara (Klasik Labirent)"
STR_STAT_CLEAR_TIME,"Clear Time:","Thời gian giải mã:","通關耗時：","通关耗时：","Tiempo de resolución:","وقت الحل:","Lösungszeit:","Temps de résolution :","समाधान समय:","Waktu Penyelesaian:","Tempo impiegato:","クリアタイム：","클리어 시간:","Masa Selesai:","Tempo de resolução:","Tempo de resolução:","Время прохождения:","เวลาที่ใช้แก้ปริศนา:","Çözüm Süresi:"
STR_STAT_STEPS_USED,"Steps Used:","Số bước sử dụng:","使用步數：","使用步数：","Pasos usados:","الخطوات المستهلكة:","Verbrauchte Schritte:","Pas utilisés :","उपयोग किए गए कदम:","Langkah Terpakai:","Passi utilizzati:","使用歩数：","사용한 걸음:","Langkah Digunakan:","Passos utilizados:","Passos utilizados:","Потрачено шагов:","จำนวนก้าวที่ใช้:","Kullanılan Adım:"
STR_STAT_TOTAL_SCORE,"TOTAL SCORE:","TỔNG ĐIỂM:","總得分：","总得分：","PUNTUACIÓN TOTAL:","مجموع النقاط:","GESAMTPUNKTE:","SCORE TOTAL :","कुल स्कोर:","TOTAL SKOR:","PUNTEGGIO TOTALE:","合計スコア：","총점:","JUMLAH MATA:","PONTUAÇÃO TOTAL:","PONTUAÇÃO TOTAL:","ВСЕГО ОЧКОВ:","คะแนนรวม:","TOPLAM PUAN:"
STR_BTN_NEXT_LEVEL,"NEXT LEVEL ›","MÀN KẾ TIẾP ›","下一關 ›","下一关 ›","SIGUIENTE NIVEL ›","المرحلة التالية ›","NÄCHSTES LEVEL ›","NIVEAU SUIVANT ›","अगला स्तर ›","LEVEL BERIKUTNYA ›","PROSSIMO LIVELLO ›","次のステージ ›","다음 레벨 ›","TAHAP SETERUSNYA ›","PRÓXIMO NÍVEL ›","PRÓXIMA FASE ›","СЛЕДУЮЩИЙ УРОВЕНЬ ›","ด่านถัดไป ›","SONRAKİ BÖLÜM ›"
STR_WIN_FOOTER_QUOTE,"~ Note: The route respected all boundary constraints ~","~ Ghi chú: Đường đi không phạm bất kỳ tường cấm nào ~","~ 筆記：行進路線未觸犯任何禁行牆面 ~","~ 笔记：行进路线未触犯任何禁行墙面 ~","~ Nota: La ruta no cruzó ningún muro prohibido ~","~ ملاحظة: لم يخترق المسار أي جدار ممنوع ~","~ Notiz: Der Pfad hat keine verbotenen Wände berührt ~","~ Note : Le tracé n'a enfreint aucun mur interdit ~","~ नोट: मार्ग ने किसी भी निषिद्ध दीवार का उल्लंघन नहीं किया ~","~ Catatan: Jalur tidak melanggar batasan tembok apa pun ~","~ Nota: Il percorso non ha violato alcun muro vietato ~","~ 記録：進入禁止の壁に一切触れずに踏破 ~","~ 메모: 금지된 벽을 전혀 침범하지 않고 주파했습니다 ~","~ Nota: Laluan tidak melanggar sebarang dinding larangan ~","~ Nota: O trajeto não violou nenhuma parede proibida ~","~ Nota: O trajeto não violou nenhuma parede proibida ~","~ Заметка: Маршрут обошёл все запретные стены ~","~ บันทึก: เส้นทางไม่ชนเข้ากับกำแพงต้องห้ามใดๆ ~","~ Not: Rota yasaklı duvarların hiçbirini ihlal etmedi ~"
STR_MONTH_SEP,"September","Tháng 9","九月","九月","Septiembre","سبتمبر","September","Septembre","सितंबर","September","Settembre","9月","9월","September","Setembro","Setembro","Сентябрь","กันยายน","Eylül"
STR_DOW_MON,"Mon","T2","週一","周一","Lun","إثنين","Mo","Lun","सोम","Sen","Lun","月","월","Isn","Seg","Seg","Пн","จ.","Pzt"
STR_DOW_TUE,"Tue","T3","週二","周二","Mar","ثلاثاء","Di","Mar","मंगल","Sel","Mar","火","화","Sel","Ter","Ter","Вт","อ.","Sal"
STR_DOW_WED,"Wed","T4","週三","周三","Mié","أربعاء","Mi","Mer","बुध","Rab","Mer","水","수","Rab","Qua","Qua","Ср","พ.","Çar"
STR_DOW_THU,"Thu","T5","週四","周四","Jue","خميس","Do","Jeu","गुरु","Kam","Gio","木","목","Kha","Qui","Qui","Чт","พฤ.","Per"
STR_DOW_FRI,"Fri","T6","週五","周五","Vie","جمعة","Fr","Ven","शुक्र","Jum","Ven","金","금","Jum","Sex","Sex","Пт","ศ.","Cum"
STR_DOW_SAT,"Sat","T7","週六","周六","Sáb","سبت","Sa","Sam","शनि","Sab","Sab","土","토","Sab","Sáb","Sáb","Сб","ส.","Cmt"
STR_DOW_SUN,"Sun","CN","週日","周日","Dom","أحد","So","Dim","रवि","Min","Dom","日","일","Aha","Dom","Dom","Vs","อา.","Paz"
STR_TODAY,"TODAY","HÔM NAY","今天","今天","HOY","اليوم","HEUTE","AUJOURD'HUI","आज","HARI INI","OGGI","今日","오늘","HARI INI","HOJE","HOJE","СЕГОДНЯ","วันนี้","BUGÜN"
STR_TAG_SPECIAL_MODE,"SPECIAL MODE","SPECIAL MODE","特殊模式","特殊模式","MODO ESPECIAL","وضع خاص","SPEZIAL-MODUS","MODE SPÉCIAL","विशेष मोड","MODE SPESIAL","MODALITÀ SPECIALE","特別モード","스페셜 모드","MOD KHAS","MODO ESPECIAL","MODO ESPECIAL","ОСОБЫЙ РЕЖИМ","โหมดพิเศษ","ÖZEL MOD"
STR_BTN_REPLAY,"REPLAY ›","CHƠI LẠI ›","重玩 ›","重玩 ›","REPETIR ›","إعادة اللعب ›","NOCHMAL ›","REJOUER ›","पुनः खेलें ›","MAIN LAGI ›","RIGIOCA ›","もう一度 ›","다시 플레이 ›","MAIN SEMULA ›","REJOGAR ›","JOGAR DE NOVO ›","ЕЩЁ РАЗ ›","เล่นซ้ำ ›","TEKRAR OYNA ›"
STR_BTN_PLAY_NOW,"PLAY NOW ›","VÀO CHƠI ›","立即挑戰 ›","立即挑战 ›","¡JUGAR YA! ›","العب الآن ›","JETZT SPIELEN ›","JOUER ›","अभी खेलें ›","MAIN SEKARANG ›","GIOCA ORA ›","今すぐプレイ ›","지금 플레이 ›","MAIN SEKARANG ›","JOGAR AGORA ›","JOGAR AGORA ›","ИГРАТЬ СЕЙЧАС ›","เล่นเลย ›","ŞİMDİ OYNA ›"
STR_DAILY_TOTAL_PROGRESS,"DAILY PROGRESS: {0}% ({1}/3 Done)","TIẾN ĐỘ NGÀY: {0}% ({1}/3 Hoàn Thành)","每日進度：{0}% (已完成 {1}/3)","每日进度：{0}% (已完成 {1}/3)","PROGRESO DIARIO: {0}% ({1}/3)","التقدم اليومي: {0}% (تم إنجاز {1}/3)","TAGESFORTSCHRITT: {0}% ({1}/3 geschafft)","PROGRESSION DU JOUR : {0}% ({1}/3)","दैनिक प्रगति: {0}% ({1}/3 पूर्ण)","PROGRES HARIAN: {0}% ({1}/3 Selesai)","PROGRESSO GIORNALIERO: {0}% ({1}/3)","本日の進捗：{0}% ({1}/3完了)","일일 진행도: {0}% ({1}/3 완료)","KEMAJUAN HARIAN: {0}% ({1}/3 Selesai)","PROGRESSO DIÁRIO: {0}% ({1}/3 Concluído)","PROGRESSO DIÁRIO: {0}% ({1}/3 Concluído)","ПРОГРЕСС ДНЯ: {0}% ({1}/3 Готово)","ความคืบหน้าประจำวัน: {0}% (สำเร็จ {1}/3)","GÜNLÜK İLERLEME: %{0} ({1}/3 Tamam)"
STR_BTN_PLAY_DAILY_MODE,"PLAY MINESWEEPER MAZE","CHƠI MINESWEEPER MAZE","遊玩踩地雷迷宮","游玩扫雷迷宫","JUGAR BUSCAMINAS","العب متاهة كاسحة الألغام","MINESWEEPER-LABYRINTH SPIELEN","JOUER AU DÉMINEUR","माइनस्वीपर भूलभुलैया खेलें","MAIN LABIRIN MINESWEEPER","GIOCA A CAMPO MINATO","マインスイーパ迷路をプレイ","지뢰찾기 미로 플레이","MAIN LABIRIN MINESWEEPER","JOGAR CAMPO MINADO","JOGAR LABIRINTO MINADO","ИГРАТЬ В САПЁР-ЛАБИРИНТ","เล่นเขาวงกตหลบกับระเบิด","MAYIN TARLASI LABİRENTİNİ OYNA"
